Cookie_ID,Exposures
1,0
2,0
3,3
4,49
5,4
6,1
7,5
8,0
9,7
10,27
11,6
12,4
13,0
14,0
15,7
16,0
17,0
18,6
19,0
20,4
21,0
22,0
23,5
24,0
25,0
26,0
27,0
28,0
29,5
30,0
31,0
32,1
33,0
34,0
35,8
36,6
37,5
38,1
39,0
40,0
41,0
42,0
43,3
44,2
45,13
46,32
47,4
48,1
49,0
50,1
51,7
52,0
53,0
54,2
55,0
56,0
57,0
58,0
59,4
60,19
61,0
62,0
63,0
64,4
65,10
66,9
67,0
68,1
69,0
70,0
71,1
72,0
73,0
74,0
75,1
76,0
77,4
78,0
79,0
80,0
81,0
82,0
83,12
84,3
85,0
86,5
87,0
88,2
89,0
90,5
91,1
92,14
93,0
94,0
95,1
96,0
97,17
98,0
99,3
100,0
101,3
102,23
103,0
104,2
105,0
106,14
107,0
108,0
109,0
110,0
111,19
112,2
113,5
114,0
115,0
116,1
117,0
118,1
119,0
120,0
121,0
122,0
123,6
124,0
125,0
126,0
127,0
128,5
129,0
130,31
131,0
132,0
133,0
134,0
135,1
136,0
137,0
138,2
139,0
140,0
141,27
142,0
143,2
144,0
145,1
146,0
147,0
148,0
149,0
150,0
151,6
152,6
153,0
154,2
155,20
156,0
157,1
158,18
159,2
160,0
161,0
162,10
163,0
164,2
165,0
166,0
167,3
168,2
169,6
170,0
171,0
172,4
173,12
174,0
175,0
176,3
177,0
178,0
179,0
180,10
181,1
182,0
183,0
184,0
185,1
186,1
187,0
188,1
189,0
190,1
191,0
192,11
193,0
194,0
195,0
196,1
197,0
198,1
199,0
200,0
201,0
202,0
203,0
204,2
205,0
206,0
207,3
208,17
209,15
210,0
211,8
212,3
213,0
214,1
215,0
216,0
217,3
218,0
219,3
220,1
221,0
222,0
223,0
224,0
225,0
226,0
227,0
228,0
229,0
230,0
231,0
232,0
233,8
234,0
235,8
236,0
237,0
238,0
239,1
240,3
241,3
242,0
243,2
244,11
245,0
246,0
247,3
248,6
249,0
250,0
251,5
252,0
253,0
254,0
255,0
256,0
257,1
258,0
259,12
260,0
261,7
262,11
263,0
264,0
265,0
266,0
267,11
268,3
269,0
270,0
271,0
272,0
273,0
274,0
275,0
276,0
277,0
278,2
279,0
280,2
281,5
282,0
283,0
284,0
285,23
286,0
287,2
288,2
289,4
290,27
291,6
292,0
293,1
294,3
295,3
296,6
297,22
298,1
299,0
300,0
301,0
302,1
303,0
304,29
305,0
306,0
307,1
308,10
309,2
310,2
311,0
312,2
313,5
314,1
315,0
316,0
317,2
318,0
319,0
320,3
321,2
322,0
323,2
324,8
325,1
326,3
327,0
328,0
329,0
330,1
331,0
332,14
333,0
334,0
335,0
336,1
337,3
338,1
339,0
340,0
341,0
342,0
343,0
344,0
345,0
346,0
347,0
348,0
349,0
350,0
351,2
352,11
353,0
354,0
355,0
356,14
357,5
358,0
359,1
360,15
361,1
362,0
363,0
364,0
365,0
366,14
367,0
368,3
369,0
370,0
371,19
372,0
373,7
374,1
375,13
376,7
377,7
378,0
379,3
380,11
381,0
382,6
383,1
384,11
385,0
386,0
387,1
388,1
389,0
390,0
391,0
392,0
393,0
394,1
395,0
396,1
397,3
398,18
399,3
400,4
401,0
402,0
403,1
404,0
405,0
406,3
407,0
408,1
409,1
410,0
411,0
412,1
413,5
414,11
415,0
416,0
417,0
418,8
419,5
420,4
421,0
422,5
423,0
424,4
425,5
426,0
427,0
428,0
429,1
430,0
431,0
432,0
433,0
434,0
435,0
436,3
437,0
438,4
439,0
440,0
441,1
442,0
443,1
444,7
445,0
446,1
447,0
448,4
449,0
450,0
451,2
452,2
453,0
454,6
455,0
456,0
457,0
458,0
459,0
460,0
461,6
462,2
463,0
464,4
465,2
466,1
467,0
468,0
469,0
470,0
471,22
472,6
473,2
474,0
475,0
476,0
477,0
478,1
479,7
480,1
481,0
482,5
483,2
484,11
485,10
486,19
487,0
488,0
489,0
490,3
491,0
492,0
493,6
494,0
495,0
496,0
497,0
498,2
499,1
500,0
501,0
502,2
503,0
504,0
505,1
506,0
507,0
508,0
509,6
510,0
511,0
512,0
513,0
514,3
515,0
516,3
517,0
518,0
519,0
520,4
521,25
522,3
523,1
524,0
525,0
526,0
527,7
528,0
529,5
530,0
531,0
532,0
533,2
534,0
535,0
536,0
537,3
538,0
539,25
540,0
541,3
542,9
543,1
544,0
545,0
546,0
547,1
548,1
549,0
550,0
551,0
552,2
553,9
554,0
555,0
556,0
557,0
558,0
559,2
560,5
561,0
562,0
563,0
564,0
565,1
566,0
567,0
568,0
569,7
570,0
571,0
572,0
573,0
574,0
575,0
576,0
577,3
578,4
579,0
580,9
581,2
582,9
583,0
584,5
585,0
586,4
587,0
588,0
589,0
590,1
591,0
592,0
593,0
594,0
595,19
596,0
597,22
598,5
599,0
600,1
601,0
602,0
603,2
604,10
605,0
606,0
607,0
608,0
609,0
610,0
611,1
612,0
613,0
614,0
615,0
616,0
617,0
618,3
619,9
620,0
621,0
622,0
623,0
624,5
625,3
626,0
627,4
628,2
629,0
630,0
631,11
632,0
633,1
634,0
635,0
636,3
637,0
638,1
639,2
640,6
641,0
642,0
643,0
644,0
645,8
646,6
647,7
648,15
649,3
650,0
651,0
652,0
653,0
654,0
655,0
656,0
657,0
658,0
659,15
660,0
661,0
662,0
663,0
664,0
665,0
666,0
667,0
668,2
669,16
670,4
671,0
672,0
673,1
674,0
675,0
676,0
677,1
678,0
679,4
680,0
681,0
682,0
683,0
684,10
685,0
686,0
687,0
688,0
689,0
690,0
691,2
692,1
693,0
694,11
695,9
696,3
697,0
698,0
699,0
700,1
701,0
702,2
703,2
704,0
705,0
706,0
707,0
708,2
709,1
710,1
711,4
712,10
713,0
714,2
715,1
716,0
717,0
718,0
719,1
720,0
721,0
722,0
723,1
724,0
725,2
726,1
727,1
728,0
729,0
730,1
731,0
732,0
733,1
734,0
735,1
736,0
737,0
738,0
739,0
740,1
741,0
742,0
743,1
744,1
745,0
746,13
747,2
748,0
749,10
750,1
751,0
752,0
753,3
754,0
755,0
756,15
757,10
758,7
759,0
760,0
761,1
762,2
763,0
764,11
765,14
766,0
767,5
768,35
769,0
770,0
771,21
772,1
773,1
774,0
775,0
776,0
777,0
778,0
779,0
780,29
781,0
782,0
783,0
784,0
785,0
786,2
787,7
788,0
789,0
790,1
791,0
792,8
793,0
794,0
795,1
796,4
797,1
798,0
799,0
800,0
801,0
802,0
803,0
804,0
805,3
806,0
807,6
808,0
809,0
810,33
811,1
812,0
813,0
814,1
815,0
816,2
817,0
818,0
819,1
820,5
821,1
822,0
823,0
824,9
825,0
826,1
827,0
828,0
829,1
830,0
831,4
832,0
833,0
834,5
835,0
836,0
837,0
838,1
839,0
840,0
841,0
842,1
843,0
844,0
845,37
846,1
847,0
848,4
849,0
850,0
851,0
852,0
853,0
854,0
855,1
856,0
857,3
858,0
859,0
860,2
861,6
862,25
863,6
864,5
865,4
866,6
867,9
868,0
869,2
870,4
871,1
872,9
873,3
874,0
875,0
876,2
877,0
878,0
879,5
880,0
881,0
882,20
883,0
884,5
885,15
886,3
887,0
888,5
889,2
890,1
891,0
892,0
893,0
894,0
895,1
896,0
897,0
898,0
899,0
900,4
901,1
902,2
903,18
904,6
905,0
906,3
907,0
908,7
909,0
910,6
911,0
912,0
913,0
914,4
915,0
916,4
917,0
918,1
919,0
920,0
921,3
922,9
923,0
924,3
925,0
926,1
927,0
928,16
929,7
930,0
931,0
932,0
933,8
934,0
935,14
936,3
937,1
938,1
939,0
940,0
941,1
942,3
943,3
944,5
945,1
946,0
947,0
948,16
949,3
950,0
951,3
952,0
953,8
954,7
955,0
956,0
957,0
958,0
959,0
960,0
961,1
962,5
963,1
964,1
965,5
966,4
967,0
968,9
969,4
970,0
971,0
972,0
973,0
974,0
975,0
976,0
977,0
978,12
979,0
980,0
981,0
982,3
983,1
984,0
985,2
986,1
987,0
988,0
989,2
990,2
991,19
992,0
993,3
994,0
995,0
996,1
997,0
998,0
999,1
1000,0
1001,0
1002,0
1003,7
1004,0
1005,0
1006,0
1007,9
1008,6
1009,4
1010,0
1011,0
1012,0
1013,0
1014,2
1015,4
1016,0
1017,0
1018,2
1019,0
1020,0
1021,0
1022,27
1023,23
1024,0
1025,9
1026,0
1027,0
1028,0
1029,0
1030,0
1031,0
1032,0
1033,8
1034,2
1035,1
1036,6
1037,0
1038,0
1039,6
1040,0
1041,0
1042,0
1043,9
1044,2
1045,0
1046,0
1047,0
1048,0
1049,0
1050,0
1051,0
1052,3
1053,0
1054,0
1055,0
1056,0
1057,3
1058,0
1059,0
1060,40
1061,2
1062,0
1063,2
1064,0
1065,0
1066,1
1067,0
1068,1
1069,0
1070,0
1071,0
1072,3
1073,0
1074,0
1075,0
1076,11
1077,0
1078,1
1079,0
1080,0
1081,0
1082,1
1083,1
1084,0
1085,6
1086,4
1087,0
1088,0
1089,0
1090,7
1091,0
1092,1
1093,5
1094,3
1095,2
1096,0
1097,0
1098,0
1099,0
1100,31
1101,23
1102,1
1103,6
1104,0
1105,5
1106,0
1107,1
1108,4
1109,11
1110,28
1111,0
1112,25
1113,2
1114,3
1115,0
1116,0
1117,0
1118,1
1119,1
1120,0
1121,0
1122,0
1123,3
1124,1
1125,0
1126,0
1127,1
1128,0
1129,1
1130,0
1131,0
1132,0
1133,7
1134,0
1135,2
1136,2
1137,0
1138,4
1139,0
1140,0
1141,0
1142,0
1143,0
1144,0
1145,1
1146,0
1147,1
1148,0
1149,5
1150,0
1151,0
1152,0
1153,0
1154,6
1155,14
1156,4
1157,2
1158,0
1159,6
1160,1
1161,0
1162,4
1163,1
1164,0
1165,16
1166,12
1167,2
1168,0
1169,0
1170,6
1171,3
1172,1
1173,22
1174,0
1175,0
1176,0
1177,15
1178,0
1179,0
1180,7
1181,0
1182,0
1183,3
1184,13
1185,6
1186,0
1187,0
1188,3
1189,5
1190,0
1191,16
1192,1
1193,10
1194,0
1195,0
1196,0
1197,0
1198,14
1199,10
1200,5
1201,26
1202,5
1203,0
1204,4
1205,0
1206,10
1207,6
1208,0
1209,3
1210,2
1211,6
1212,1
1213,0
1214,0
1215,2
1216,0
1217,0
1218,0
1219,4
1220,2
1221,0
1222,0
1223,0
1224,0
1225,0
1226,1
1227,0
1228,0
1229,0
1230,1
1231,0
1232,0
1233,0
1234,0
1235,14
1236,1
1237,0
1238,12
1239,0
1240,0
1241,0
1242,0
1243,3
1244,7
1245,0
1246,11
1247,9
1248,4
1249,1
1250,0
1251,0
1252,8
1253,0
1254,0
1255,0
1256,0
1257,0
1258,5
1259,0
1260,1
1261,0
1262,1
1263,0
1264,3
1265,0
1266,0
1267,2
1268,3
1269,3
1270,2
1271,0
1272,1
1273,2
1274,0
1275,0
1276,3
1277,0
1278,0
1279,15
1280,3
1281,0
1282,0
1283,0
1284,0
1285,1
1286,0
1287,0
1288,0
1289,26
1290,0
1291,3
1292,0
1293,0
1294,0
1295,0
1296,2
1297,3
1298,1
1299,0
1300,2
1301,1
1302,0
1303,0
1304,2
1305,0
1306,1
1307,3
1308,0
1309,0
1310,0
1311,8
1312,0
1313,6
1314,1
1315,0
1316,0
1317,1
1318,0
1319,5
1320,2
1321,0
1322,0
1323,0
1324,1
1325,0
1326,6
1327,1
1328,2
1329,0
1330,0
1331,25
1332,0
1333,0
1334,1
1335,2
1336,13
1337,2
1338,3
1339,0
1340,0
1341,2
1342,0
1343,0
1344,0
1345,0
1346,6
1347,3
1348,5
1349,8
1350,0
1351,1
1352,0
1353,0
1354,2
1355,0
1356,18
1357,0
1358,1
1359,0
1360,2
1361,2
1362,4
1363,1
1364,1
1365,0
1366,1
1367,0
1368,3
1369,0
1370,0
1371,0
1372,0
1373,2
1374,0
1375,1
1376,2
1377,0
1378,32
1379,2
1380,4
1381,1
1382,2
1383,3
1384,3
1385,0
1386,1
1387,0
1388,0
1389,1
1390,0
1391,0
1392,2
1393,0
1394,15
1395,2
1396,0
1397,1
1398,7
1399,1
1400,0
1401,0
1402,0
1403,7
1404,0
1405,0
1406,0
1407,0
1408,1
1409,8
1410,1
1411,0
1412,2
1413,0
1414,0
1415,1
1416,0
1417,10
1418,0
1419,0
1420,0
1421,0
1422,0
1423,0
1424,1
1425,10
1426,0
1427,0
1428,3
1429,0
1430,7
1431,1
1432,2
1433,4
1434,1
1435,3
1436,1
1437,1
1438,7
1439,0
1440,0
1441,0
1442,0
1443,0
1444,1
1445,0
1446,1
1447,1
1448,0
1449,5
1450,5
1451,12
1452,3
1453,1
1454,0
1455,0
1456,0
1457,1
1458,0
1459,2
1460,0
1461,12
1462,0
1463,1
1464,3
1465,0
1466,0
1467,0
1468,0
1469,2
1470,2
1471,2
1472,0
1473,5
1474,0
1475,11
1476,32
1477,1
1478,1
1479,0
1480,0
1481,0
1482,2
1483,6
1484,0
1485,0
1486,0
1487,5
1488,4
1489,9
1490,0
1491,0
1492,0
1493,0
1494,0
1495,0
1496,0
1497,0
1498,0
1499,0
1500,0
1501,7
1502,0
1503,1
1504,15
1505,11
1506,0
1507,0
1508,0
1509,7
1510,2
1511,0
1512,1
1513,0
1514,0
1515,3
1516,0
1517,0
1518,8
1519,0
1520,1
1521,0
1522,0
1523,2
1524,0
1525,0
1526,0
1527,3
1528,6
1529,2
1530,2
1531,2
1532,2
1533,0
1534,14
1535,0
1536,0
1537,8
1538,12
1539,3
1540,1
1541,0
1542,0
1543,0
1544,6
1545,1
1546,0
1547,0
1548,4
1549,0
1550,2
1551,0
1552,8
1553,0
1554,7
1555,0
1556,0
1557,2
1558,6
1559,0
1560,0
1561,0
1562,0
1563,0
1564,0
1565,5
1566,1
1567,5
1568,1
1569,1
1570,0
1571,4
1572,2
1573,4
1574,3
1575,0
1576,0
1577,0
1578,3
1579,0
1580,0
1581,0
1582,1
1583,1
1584,0
1585,0
1586,0
1587,0
1588,0
1589,0
1590,1
1591,0
1592,2
1593,0
1594,0
1595,7
1596,0
1597,0
1598,0
1599,0
1600,1
1601,4
1602,0
1603,0
1604,4
1605,0
1606,0
1607,3
1608,0
1609,0
1610,9
1611,0
1612,8
1613,1
1614,0
1615,2
1616,8
1617,0
1618,0
1619,0
1620,9
1621,0
1622,0
1623,0
1624,0
1625,0
1626,0
1627,2
1628,0
1629,0
1630,0
1631,1
1632,2
1633,0
1634,2
1635,0
1636,8
1637,25
1638,0
1639,1
1640,3
1641,0
1642,2
1643,5
1644,0
1645,0
1646,0
1647,0
1648,3
1649,6
1650,9
1651,0
1652,0
1653,0
1654,0
1655,0
1656,0
1657,6
1658,0
1659,9
1660,0
1661,4
1662,1
1663,0
1664,0
1665,0
1666,0
1667,0
1668,0
1669,0
1670,0
1671,0
1672,6
1673,0
1674,14
1675,0
1676,3
1677,1
1678,0
1679,0
1680,2
1681,0
1682,3
1683,0
1684,12
1685,0
1686,4
1687,0
1688,0
1689,3
1690,0
1691,0
1692,13
1693,0
1694,0
1695,12
1696,15
1697,0
1698,1
1699,9
1700,7
1701,7
1702,0
1703,1
1704,0
1705,2
1706,0
1707,0
1708,0
1709,0
1710,0
1711,0
1712,2
1713,0
1714,2
1715,2
1716,7
1717,0
1718,15
1719,17
1720,2
1721,0
1722,15
1723,0
1724,5
1725,0
1726,19
1727,2
1728,0
1729,0
1730,0
1731,0
1732,0
1733,9
1734,5
1735,2
1736,0
1737,0
1738,0
1739,3
1740,0
1741,1
1742,0
1743,2
1744,0
1745,2
1746,3
1747,0
1748,0
1749,3
1750,0
1751,15
1752,2
1753,0
1754,1
1755,1
1756,3
1757,0
1758,1
1759,16
1760,13
1761,4
1762,0
1763,1
1764,17
1765,0
1766,2
1767,23
1768,5
1769,1
1770,33
1771,0
1772,3
1773,1
1774,0
1775,0
1776,0
1777,0
1778,0
1779,0
1780,0
1781,5
1782,1
1783,7
1784,0
1785,0
1786,0
1787,0
1788,20
1789,0
1790,1
1791,3
1792,0
1793,5
1794,0
1795,4
1796,0
1797,0
1798,0
1799,0
1800,0
1801,0
1802,0
1803,0
1804,0
1805,0
1806,1
1807,18
1808,1
1809,0
1810,0
1811,0
1812,18
1813,1
1814,0
1815,0
1816,0
1817,0
1818,6
1819,2
1820,3
1821,28
1822,2
1823,4
1824,5
1825,0
1826,1
1827,0
1828,0
1829,3
1830,0
1831,0
1832,0
1833,0
1834,7
1835,0
1836,0
1837,2
1838,0
1839,0
1840,0
1841,0
1842,8
1843,0
1844,1
1845,1
1846,0
1847,0
1848,0
1849,0
1850,1
1851,0
1852,1
1853,3
1854,0
1855,2
1856,0
1857,3
1858,11
1859,0
1860,0
1861,5
1862,0
1863,2
1864,3
1865,2
1866,0
1867,0
1868,12
1869,0
1870,0
1871,0
1872,16
1873,0
1874,7
1875,0
1876,1
1877,24
1878,4
1879,0
1880,2
1881,10
1882,0
1883,0
1884,12
1885,7
1886,0
1887,0
1888,0
1889,0
1890,0
1891,0
1892,1
1893,0
1894,14
1895,10
1896,6
1897,0
1898,0
1899,0
1900,0
1901,25
1902,6
1903,0
1904,13
1905,0
1906,0
1907,0
1908,3
1909,10
1910,0
1911,0
1912,1
1913,0
1914,0
1915,0
1916,0
1917,3
1918,0
1919,6
1920,2
1921,0
1922,0
1923,10
1924,1
1925,0
1926,0
1927,0
1928,3
1929,2
1930,0
1931,0
1932,13
1933,2
1934,0
1935,1
1936,0
1937,24
1938,1
1939,0
1940,0
1941,0
1942,0
1943,2
1944,2
1945,1
1946,5
1947,0
1948,0
1949,0
1950,3
1951,2
1952,0
1953,1
1954,0
1955,3
1956,7
1957,0
1958,0
1959,2
1960,9
1961,0
1962,27
1963,0
1964,1
1965,0
1966,5
1967,0
1968,15
1969,1
1970,0
1971,0
1972,0
1973,2
1974,11
1975,1
1976,0
1977,0
1978,1
1979,2
1980,12
1981,3
1982,0
1983,0
1984,2
1985,2
1986,1
1987,0
1988,0
1989,1
1990,0
1991,0
1992,2
1993,0
1994,0
1995,0
1996,0
1997,0
1998,1
1999,0
2000,0
2001,8
2002,0
2003,1
2004,1
2005,0
2006,10
2007,6
2008,0
2009,1
2010,0
2011,3
2012,0
2013,0
2014,0
2015,1
2016,2
2017,0
2018,0
2019,2
2020,0
2021,2
2022,2
2023,0
2024,0
2025,3
2026,0
2027,1
2028,1
2029,0
2030,0
2031,2
2032,3
2033,16
2034,0
2035,6
2036,0
2037,0
2038,0
2039,6
2040,0
2041,0
2042,0
2043,1
2044,0
2045,1
2046,4
2047,0
2048,0
2049,1
2050,0
2051,0
2052,0
2053,0
2054,2
2055,0
2056,1
2057,12
2058,0
2059,1
2060,0
2061,0
2062,1
2063,0
2064,10
2065,0
2066,4
2067,1
2068,0
2069,0
2070,0
2071,0
2072,0
2073,1
2074,0
2075,0
2076,0
2077,1
2078,0
2079,0
2080,0
2081,0
2082,0
2083,0
2084,0
2085,0
2086,0
2087,11
2088,2
2089,0
2090,15
2091,0
2092,4
2093,19
2094,0
2095,0
2096,0
2097,8
2098,0
2099,5
2100,0
2101,2
2102,2
2103,0
2104,0
2105,2
2106,0
2107,0
2108,1
2109,0
2110,0
2111,0
2112,11
2113,1
2114,0
2115,0
2116,0
2117,0
2118,1
2119,0
2120,0
2121,7
2122,0
2123,0
2124,3
2125,4
2126,0
2127,0
2128,0
2129,0
2130,3
2131,0
2132,0
2133,32
2134,0
2135,0
2136,0
2137,1
2138,0
2139,1
2140,0
2141,12
2142,3
2143,0
2144,2
2145,2
2146,13
2147,0
2148,0
2149,0
2150,0
2151,3
2152,5
2153,8
2154,0
2155,10
2156,0
2157,0
2158,1
2159,3
2160,0
2161,1
2162,1
2163,0
2164,1
2165,0
2166,0
2167,0
2168,7
2169,0
2170,36
2171,0
2172,4
2173,8
2174,0
2175,0
2176,3
2177,11
2178,3
2179,1
2180,6
2181,1
2182,0
2183,0
2184,0
2185,0
2186,0
2187,16
2188,0
2189,0
2190,1
2191,1
2192,1
2193,3
2194,0
2195,0
2196,0
2197,0
2198,7
2199,0
2200,0
2201,0
2202,0
2203,0
2204,0
2205,0
2206,0
2207,11
2208,0
2209,1
2210,3
2211,2
2212,13
2213,1
2214,0
2215,0
2216,7
2217,0
2218,0
2219,0
2220,12
2221,0
2222,6
2223,0
2224,0
2225,1
2226,1
2227,0
2228,1
2229,0
2230,1
2231,5
2232,2
2233,25
2234,1
2235,0
2236,4
2237,0
2238,8
2239,0
2240,0
2241,4
2242,0
2243,2
2244,0
2245,0
2246,0
2247,0
2248,1
2249,0
2250,0
2251,0
2252,1
2253,0
2254,0
2255,4
2256,0
2257,0
2258,7
2259,10
2260,14
2261,0
2262,1
2263,0
2264,5
2265,4
2266,4
2267,0
2268,5
2269,0
2270,0
2271,0
2272,21
2273,0
2274,4
2275,25
2276,0
2277,0
2278,0
2279,3
2280,0
2281,1
2282,0
2283,1
2284,12
2285,0
2286,8
2287,0
2288,1
2289,0
2290,1
2291,1
2292,3
2293,0
2294,0
2295,0
2296,2
2297,0
2298,0
2299,0
2300,0
2301,0
2302,0
2303,3
2304,4
2305,4
2306,0
2307,0
2308,1
2309,13
2310,0
2311,3
2312,0
2313,0
2314,0
2315,0
2316,0
2317,0
2318,4
2319,8
2320,0
2321,2
2322,1
2323,1
2324,0
2325,0
2326,2
2327,0
2328,1
2329,0
2330,0
2331,15
2332,0
2333,0
2334,0
2335,10
2336,1
2337,6
2338,1
2339,0
2340,2
2341,0
2342,0
2343,9
2344,13
2345,9
2346,1
2347,8
2348,0
2349,0
2350,0
2351,0
2352,0
2353,0
2354,7
2355,18
2356,5
2357,3
2358,4
2359,0
2360,3
2361,0
2362,0
2363,1
2364,2
2365,3
2366,28
2367,2
2368,0
2369,0
2370,6
2371,0
2372,0
2373,0
2374,0
2375,0
2376,0
2377,0
2378,3
2379,0
2380,1
2381,1
2382,4
2383,4
2384,0
2385,0
2386,0
2387,0
2388,8
2389,0
2390,0
2391,0
2392,5
2393,0
2394,0
2395,7
2396,0
2397,7
2398,0
2399,2
2400,0
2401,0
2402,0
2403,0
2404,0
2405,0
2406,0
2407,1
2408,2
2409,3
2410,0
2411,4
2412,0
2413,0
2414,1
2415,3
2416,10
2417,5
2418,0
2419,0
2420,0
2421,0
2422,6
2423,18
2424,13
2425,1
2426,0
2427,0
2428,0
2429,6
2430,2
2431,9
2432,1
2433,0
2434,0
2435,0
2436,0
2437,17
2438,0
2439,0
2440,0
2441,3
2442,1
2443,9
2444,0
2445,1
2446,0
2447,0
2448,1
2449,6
2450,1
2451,1
2452,0
2453,7
2454,0
2455,1
2456,4
2457,3
2458,0
2459,0
2460,0
2461,0
2462,18
2463,0
2464,0
2465,2
2466,0
2467,0
2468,0
2469,0
2470,1
2471,1
2472,0
2473,6
2474,0
2475,0
2476,0
2477,11
2478,1
2479,1
2480,0
2481,4
2482,0
2483,3
2484,0
2485,0
2486,0
2487,0
2488,0
2489,4
2490,0
2491,4
2492,9
2493,0
2494,0
2495,0
2496,0
2497,7
2498,2
2499,2
2500,0
2501,2
2502,0
2503,0
2504,3
2505,2
2506,0
2507,4
2508,2
2509,12
2510,3
2511,1
2512,0
2513,0
2514,0
2515,0
2516,5
2517,2
2518,0
2519,0
2520,0
2521,0
2522,0
2523,0
2524,5
2525,7
2526,0
2527,0
2528,4
2529,1
2530,0
2531,0
2532,12
2533,3
2534,0
2535,0
2536,4
2537,0
2538,0
2539,0
2540,0
2541,0
2542,2
2543,0
2544,0
2545,0
2546,0
2547,0
2548,0
2549,5
2550,0
2551,0
2552,0
2553,1
2554,0
2555,1
2556,2
2557,7
2558,15
2559,1
2560,10
2561,0
2562,37
2563,8
2564,0
2565,17
2566,3
2567,0
2568,0
2569,5
2570,5
2571,0
2572,0
2573,2
2574,0
2575,29
2576,2
2577,1
2578,76
2579,5
2580,17
2581,5
2582,0
2583,3
2584,2
2585,1
2586,1
2587,0
2588,2
2589,0
2590,0
2591,0
2592,0
2593,0
2594,2
2595,0
2596,1
2597,0
2598,0
2599,10
2600,1
2601,5
2602,0
2603,0
2604,0
2605,0
2606,0
2607,1
2608,0
2609,7
2610,0
2611,0
2612,1
2613,0
2614,0
2615,0
2616,0
2617,7
2618,2
2619,3
2620,0
2621,0
2622,10
2623,15
2624,0
2625,0
2626,0
2627,5
2628,0
2629,2
2630,0
2631,0
2632,0
2633,4
2634,0
2635,11
2636,0
2637,4
2638,0
2639,1
2640,0
2641,2
2642,3
2643,6
2644,1
2645,2
2646,6
2647,0
2648,0
2649,0
2650,25
2651,0
2652,1
2653,2
2654,0
2655,6
2656,4
2657,0
2658,0
2659,0
2660,1
2661,0
2662,5
2663,0
2664,10
2665,11
2666,19
2667,0
2668,11
2669,4
2670,7
2671,10
2672,0
2673,1
2674,0
2675,32
2676,2
2677,2
2678,3
2679,5
2680,11
2681,8
2682,0
2683,0
2684,0
2685,1
2686,16
2687,0
2688,1
2689,0
2690,2
2691,0
2692,2
2693,0
2694,0
2695,0
2696,1
2697,1
2698,1
2699,0
2700,0
2701,4
2702,0
2703,34
2704,4
2705,0
2706,0
2707,0
2708,0
2709,9
2710,0
2711,0
2712,20
2713,0
2714,0
2715,1
2716,2
2717,0
2718,0
2719,0
2720,0
2721,0
2722,4
2723,4
2724,0
2725,1
2726,0
2727,3
2728,0
2729,0
2730,0
2731,5
2732,0
2733,1
2734,0
2735,4
2736,0
2737,0
2738,0
2739,9
2740,0
2741,0
2742,0
2743,2
2744,0
2745,0
2746,10
2747,0
2748,0
2749,0
2750,10
2751,0
2752,3
2753,9
2754,0
2755,0
2756,11
2757,0
2758,0
2759,1
2760,0
2761,0
2762,4
2763,0
2764,0
2765,0
2766,0
2767,0
2768,3
2769,0
2770,2
2771,0
2772,0
2773,3
2774,8
2775,1
2776,0
2777,1
2778,0
2779,1
2780,10
2781,0
2782,13
2783,0
2784,2
2785,0
2786,0
2787,0
2788,0
2789,6
2790,0
2791,1
2792,0
2793,2
2794,0
2795,0
2796,0
2797,0
2798,3
2799,5
2800,0
2801,10
2802,0
2803,0
2804,3
2805,3
2806,0
2807,1
2808,1
2809,16
2810,11
2811,3
2812,3
2813,15
2814,0
2815,0
2816,0
2817,0
2818,0
2819,4
2820,1
2821,1
2822,0
2823,5
2824,0
2825,0
2826,1
2827,2
2828,0
2829,0
2830,0
2831,0
2832,33
2833,0
2834,2
2835,6
2836,0
2837,1
2838,0
2839,0
2840,1
2841,0
2842,9
2843,0
2844,0
2845,11
2846,8
2847,0
2848,0
2849,13
2850,1
2851,2
2852,0
2853,1
2854,12
2855,0
2856,0
2857,1
2858,0
2859,0
2860,4
2861,0
2862,7
2863,3
2864,0
2865,0
2866,0
2867,0
2868,6
2869,1
2870,3
2871,0
2872,0
2873,0
2874,0
2875,0
2876,0
2877,2
2878,0
2879,0
2880,26
2881,0
2882,1
2883,0
2884,0
2885,0
2886,3
2887,2
2888,0
2889,0
2890,0
2891,0
2892,0
2893,0
2894,0
2895,1
2896,4
2897,0
2898,0
2899,0
2900,0
2901,0
2902,0
2903,1
2904,5
2905,0
2906,2
2907,0
2908,0
2909,0
2910,1
2911,0
2912,0
2913,0
2914,0
2915,0
2916,1
2917,0
2918,0
2919,0
2920,0
2921,0
2922,4
2923,0
2924,0
2925,10
2926,0
2927,0
2928,0
2929,0
2930,12
2931,0
2932,1
2933,0
2934,0
2935,0
2936,6
2937,2
2938,0
2939,5
2940,0
2941,4
2942,0
2943,1
2944,2
2945,2
2946,0
2947,21
2948,5
2949,0
2950,7
2951,0
2952,6
2953,0
2954,0
2955,16
2956,4
2957,0
2958,0
2959,0
2960,2
2961,2
2962,0
2963,0
2964,3
2965,0
2966,4
2967,3
2968,0
2969,5
2970,0
2971,0
2972,30
2973,0
2974,0
2975,1
2976,0
2977,0
2978,0
2979,1
2980,0
2981,5
2982,2
2983,0
2984,0
2985,0
2986,0
2987,0
2988,0
2989,0
2990,0
2991,1
2992,0
2993,1
2994,9
2995,0
2996,0
2997,6
2998,25
2999,1
3000,0
3001,0
3002,4
3003,0
3004,1
3005,0
3006,1
3007,7
3008,0
3009,5
3010,2
3011,19
3012,1
3013,0
3014,0
3015,3
3016,0
3017,12
3018,2
3019,0
3020,2
3021,2
3022,0
3023,0
3024,0
3025,0
3026,6
3027,0
3028,10
3029,7
3030,2
3031,10
3032,0
3033,0
3034,7
3035,13
3036,1
3037,4
3038,7
3039,0
3040,0
3041,0
3042,0
3043,7
3044,0
3045,1
3046,1
3047,7
3048,1
3049,2
3050,0
3051,0
3052,9
3053,0
3054,0
3055,0
3056,0
3057,0
3058,2
3059,16
3060,5
3061,0
3062,3
3063,2
3064,0
3065,3
3066,0
3067,2
3068,2
3069,0
3070,0
3071,5
3072,12
3073,12
3074,0
3075,3
3076,0
3077,0
3078,0
3079,10
3080,0
3081,17
3082,0
3083,0
3084,1
3085,0
3086,1
3087,2
3088,0
3089,0
3090,0
3091,1
3092,0
3093,0
3094,3
3095,0
3096,8
3097,0
3098,0
3099,0
3100,0
3101,0
3102,0
3103,0
3104,0
3105,0
3106,0
3107,8
3108,0
3109,0
3110,0
3111,0
3112,3
3113,14
3114,2
3115,0
3116,5
3117,0
3118,0
3119,0
3120,0
3121,0
3122,7
3123,1
3124,4
3125,1
3126,15
3127,0
3128,0
3129,0
3130,0
3131,0
3132,2
3133,2
3134,1
3135,1
3136,3
3137,0
3138,0
3139,0
3140,3
3141,12
3142,0
3143,0
3144,0
3145,1
3146,19
3147,0
3148,0
3149,0
3150,0
3151,1
3152,0
3153,7
3154,0
3155,4
3156,1
3157,0
3158,0
3159,0
3160,18
3161,0
3162,1
3163,1
3164,4
3165,0
3166,0
3167,4
3168,0
3169,2
3170,13
3171,16
3172,2
3173,3
3174,0
3175,0
3176,2
3177,0
3178,0
3179,0
3180,1
3181,12
3182,0
3183,0
3184,0
3185,0
3186,1
3187,0
3188,1
3189,4
3190,6
3191,3
3192,0
3193,2
3194,2
3195,9
3196,0
3197,0
3198,0
3199,0
3200,0
3201,0
3202,1
3203,0
3204,3
3205,0
3206,8
3207,1
3208,0
3209,2
3210,0
3211,0
3212,0
3213,0
3214,0
3215,1
3216,0
3217,0
3218,0
3219,1
3220,3
3221,0
3222,0
3223,4
3224,0
3225,0
3226,3
3227,1
3228,1
3229,0
3230,0
3231,0
3232,2
3233,3
3234,0
3235,0
3236,10
3237,0
3238,0
3239,0
3240,11
3241,5
3242,0
3243,9
3244,1
3245,0
3246,0
3247,0
3248,0
3249,0
3250,1
3251,1
3252,0
3253,0
3254,12
3255,1
3256,0
3257,5
3258,3
3259,3
3260,21
3261,7
3262,0
3263,0
3264,0
3265,4
3266,1
3267,3
3268,0
3269,6
3270,0
3271,1
3272,0
3273,0
3274,3
3275,4
3276,0
3277,1
3278,0
3279,0
3280,0
3281,2
3282,0
3283,0
3284,0
3285,2
3286,0
3287,4
3288,0
3289,9
3290,22
3291,11
3292,2
3293,9
3294,1
3295,0
3296,0
3297,0
3298,0
3299,19
3300,0
3301,0
3302,2
3303,0
3304,0
3305,0
3306,2
3307,4
3308,0
3309,1
3310,1
3311,0
3312,1
3313,4
3314,0
3315,2
3316,0
3317,17
3318,10
3319,1
3320,4
3321,0
3322,1
3323,0
3324,0
3325,0
3326,16
3327,1
3328,2
3329,12
3330,0
3331,0
3332,3
3333,0
3334,0
3335,0
3336,1
3337,0
3338,0
3339,0
3340,22
3341,0
3342,3
3343,12
3344,4
3345,0
3346,3
3347,29
3348,2
3349,0
3350,1
3351,8
3352,10
3353,5
3354,0
3355,0
3356,0
3357,1
3358,2
3359,2
3360,0
3361,0
3362,0
3363,0
3364,0
3365,2
3366,0
3367,2
3368,1
3369,4
3370,2
3371,0
3372,22
3373,0
3374,0
3375,6
3376,0
3377,1
3378,14
3379,0
3380,5
3381,6
3382,1
3383,28
3384,0
3385,1
3386,4
3387,0
3388,0
3389,11
3390,11
3391,1
3392,8
3393,0
3394,0
3395,0
3396,0
3397,0
3398,0
3399,1
3400,0
3401,0
3402,4
3403,0
3404,0
3405,0
3406,0
3407,2
3408,1
3409,6
3410,5
3411,1
3412,1
3413,8
3414,0
3415,0
3416,0
3417,1
3418,6
3419,0
3420,0
3421,17
3422,8
3423,0
3424,3
3425,2
3426,0
3427,0
3428,12
3429,0
3430,0
3431,2
3432,1
3433,0
3434,0
3435,0
3436,0
3437,0
3438,0
3439,3
3440,14
3441,1
3442,0
3443,0
3444,6
3445,3
3446,0
3447,1
3448,0
3449,0
3450,10
3451,8
3452,1
3453,0
3454,0
3455,0
3456,0
3457,0
3458,0
3459,0
3460,5
3461,1
3462,0
3463,0
3464,0
3465,0
3466,3
3467,0
3468,0
3469,0
3470,1
3471,2
3472,5
3473,0
3474,0
3475,2
3476,0
3477,0
3478,6
3479,0
3480,0
3481,3
3482,3
3483,0
3484,0
3485,2
3486,1
3487,1
3488,0
3489,0
3490,0
3491,0
3492,0
3493,0
3494,34
3495,2
3496,2
3497,6
3498,0
3499,0
3500,5
3501,0
3502,0
3503,0
3504,3
3505,22
3506,0
3507,0
3508,0
3509,1
3510,0
3511,6
3512,1
3513,2
3514,0
3515,6
3516,6
3517,9
3518,6
3519,0
3520,26
3521,3
3522,0
3523,6
3524,3
3525,0
3526,5
3527,4
3528,0
3529,13
3530,0
3531,2
3532,1
3533,0
3534,6
3535,3
3536,0
3537,0
3538,0
3539,2
3540,2
3541,6
3542,1
3543,0
3544,2
3545,0
3546,10
3547,4
3548,18
3549,12
3550,0
3551,3
3552,0
3553,0
3554,0
3555,4
3556,8
3557,0
3558,2
3559,1
3560,9
3561,3
3562,0
3563,0
3564,1
3565,10
3566,10
3567,0
3568,0
3569,0
3570,1
3571,1
3572,2
3573,0
3574,0
3575,0
3576,0
3577,2
3578,0
3579,0
3580,9
3581,1
3582,0
3583,2
3584,0
3585,2
3586,0
3587,17
3588,2
3589,0
3590,0
3591,0
3592,0
3593,14
3594,1
3595,0
3596,38
3597,4
3598,8
3599,1
3600,0
3601,2
3602,0
3603,0
3604,6
3605,0
3606,3
3607,0
3608,0
3609,2
3610,1
3611,0
3612,10
3613,0
3614,0
3615,5
3616,0
3617,0
3618,0
3619,10
3620,3
3621,0
3622,0
3623,0
3624,0
3625,1
3626,14
3627,0
3628,0
3629,1
3630,6
3631,0
3632,0
3633,0
3634,0
3635,1
3636,0
3637,1
3638,2
3639,5
3640,0
3641,1
3642,16
3643,0
3644,0
3645,1
3646,12
3647,9
3648,4
3649,0
3650,0
3651,0
3652,0
3653,0
3654,0
3655,19
3656,0
3657,6
3658,0
3659,1
3660,0
3661,17
3662,16
3663,0
3664,0
3665,11
3666,0
3667,1
3668,13
3669,3
3670,13
3671,9
3672,8
3673,0
3674,11
3675,2
3676,0
3677,2
3678,11
3679,0
3680,1
3681,6
3682,0
3683,1
3684,3
3685,1
3686,0
3687,0
3688,3
3689,2
3690,1
3691,0
3692,0
3693,0
3694,0
3695,0
3696,0
3697,6
3698,0
3699,17
3700,4
3701,0
3702,0
3703,0
3704,20
3705,26
3706,0
3707,2
3708,0
3709,0
3710,0
3711,0
3712,0
3713,0
3714,6
3715,1
3716,1
3717,0
3718,0
3719,0
3720,9
3721,4
3722,0
3723,0
3724,1
3725,0
3726,0
3727,0
3728,1
3729,0
3730,6
3731,0
3732,0
3733,0
3734,0
3735,2
3736,6
3737,0
3738,3
3739,0
3740,3
3741,8
3742,0
3743,0
3744,0
3745,5
3746,0
3747,3
3748,3
3749,0
3750,1
3751,0
3752,0
3753,16
3754,0
3755,0
3756,0
3757,0
3758,1
3759,0
3760,8
3761,19
3762,0
3763,7
3764,2
3765,10
3766,6
3767,0
3768,0
3769,1
3770,0
3771,3
3772,4
3773,0
3774,9
3775,0
3776,0
3777,5
3778,34
3779,0
3780,0
3781,0
3782,0
3783,0
3784,0
3785,0
3786,0
3787,0
3788,0
3789,0
3790,0
3791,0
3792,0
3793,36
3794,0
3795,0
3796,0
3797,0
3798,1
3799,6
3800,0
3801,14
3802,1
3803,1
3804,0
3805,0
3806,0
3807,0
3808,0
3809,0
3810,0
3811,2
3812,0
3813,15
3814,0
3815,21
3816,0
3817,2
3818,2
3819,1
3820,0
3821,0
3822,29
3823,0
3824,0
3825,1
3826,1
3827,0
3828,2
3829,0
3830,1
3831,0
3832,0
3833,0
3834,0
3835,0
3836,0
3837,0
3838,0
3839,0
3840,0
3841,0
3842,21
3843,2
3844,2
3845,0
3846,8
3847,0
3848,0
3849,0
3850,0
3851,4
3852,6
3853,0
3854,11
3855,2
3856,3
3857,1
3858,0
3859,2
3860,0
3861,1
3862,18
3863,0
3864,0
3865,1
3866,10
3867,3
3868,0
3869,2
3870,0
3871,0
3872,11
3873,0
3874,3
3875,0
3876,3
3877,4
3878,1
3879,7
3880,0
3881,1
3882,3
3883,1
3884,0
3885,1
3886,1
3887,8
3888,2
3889,2
3890,0
3891,14
3892,1
3893,0
3894,0
3895,0
3896,1
3897,0
3898,2
3899,1
3900,7
3901,1
3902,0
3903,0
3904,0
3905,1
3906,2
3907,0
3908,2
3909,0
3910,1
3911,0
3912,0
3913,1
3914,1
3915,0
3916,0
3917,0
3918,0
3919,0
3920,0
3921,2
3922,1
3923,0
3924,1
3925,0
3926,0
3927,1
3928,0
3929,1
3930,4
3931,16
3932,0
3933,4
3934,0
3935,0
3936,0
3937,8
3938,0
3939,0
3940,0
3941,0
3942,1
3943,0
3944,1
3945,5
3946,2
3947,0
3948,0
3949,5
3950,0
3951,0
3952,7
3953,5
3954,0
3955,0
3956,0
3957,0
3958,9
3959,1
3960,0
3961,4
3962,0
3963,1
3964,0
3965,0
3966,1
3967,7
3968,1
3969,0
3970,1
3971,5
3972,2
3973,2
3974,0
3975,0
3976,2
3977,3
3978,0
3979,0
3980,3
3981,0
3982,0
3983,0
3984,3
3985,1
3986,0
3987,0
3988,0
3989,5
3990,4
3991,23
3992,0
3993,1
3994,0
3995,0
3996,0
3997,6
3998,0
3999,0
4000,0
4001,0
4002,0
4003,4
4004,0
4005,0
4006,0
4007,1
4008,0
4009,6
4010,4
4011,1
4012,0
4013,0
4014,0
4015,0
4016,0
4017,0
4018,0
4019,0
4020,0
4021,0
4022,0
4023,0
4024,0
4025,0
4026,4
4027,0
4028,0
4029,2
4030,0
4031,0
4032,6
4033,1
4034,22
4035,0
4036,0
4037,0
4038,0
4039,0
4040,2
4041,0
4042,2
4043,0
4044,0
4045,2
4046,0
4047,0
4048,0
4049,1
4050,0
4051,3
4052,1
4053,0
4054,1
4055,0
4056,0
4057,3
4058,8
4059,0
4060,0
4061,2
4062,0
4063,0
4064,0
4065,7
4066,7
4067,0
4068,8
4069,3
4070,0
4071,0
4072,0
4073,3
4074,0
4075,1
4076,3
4077,2
4078,6
4079,0
4080,8
4081,6
4082,0
4083,0
4084,1
4085,1
4086,1
4087,0
4088,0
4089,22
4090,8
4091,0
4092,0
4093,0
4094,3
4095,0
4096,0
4097,19
4098,0
4099,0
4100,5
4101,0
4102,0
4103,0
4104,0
4105,0
4106,0
4107,3
4108,1
4109,0
4110,0
4111,0
4112,0
4113,0
4114,17
4115,0
4116,0
4117,0
4118,2
4119,12
4120,2
4121,0
4122,1
4123,0
4124,0
4125,0
4126,3
4127,0
4128,0
4129,0
4130,0
4131,0
4132,0
4133,0
4134,0
4135,6
4136,4
4137,2
4138,0
4139,4
4140,0
4141,3
4142,1
4143,11
4144,2
4145,0
4146,1
4147,15
4148,0
4149,1
4150,0
4151,0
4152,1
4153,2
4154,9
4155,0
4156,0
4157,2
4158,0
4159,0
4160,1
4161,0
4162,0
4163,0
4164,8
4165,0
4166,1
4167,4
4168,3
4169,4
4170,1
4171,0
4172,0
4173,6
4174,2
4175,0
4176,2
4177,3
4178,3
4179,12
4180,2
4181,0
4182,1
4183,2
4184,7
4185,2
4186,1
4187,0
4188,0
4189,2
4190,0
4191,5
4192,2
4193,6
4194,3
4195,0
4196,0
4197,0
4198,0
4199,0
4200,8
4201,0
4202,2
4203,0
4204,0
4205,0
4206,0
4207,11
4208,0
4209,0
4210,1
4211,7
4212,4
4213,0
4214,0
4215,0
4216,0
4217,0
4218,0
4219,0
4220,0
4221,0
4222,1
4223,0
4224,0
4225,0
4226,5
4227,12
4228,9
4229,0
4230,1
4231,1
4232,1
4233,0
4234,7
4235,0
4236,0
4237,20
4238,0
4239,0
4240,12
4241,4
4242,0
4243,0
4244,0
4245,3
4246,0
4247,13
4248,0
4249,0
4250,2
4251,2
4252,3
4253,1
4254,0
4255,26
4256,0
4257,8
4258,0
4259,0
4260,3
4261,6
4262,0
4263,0
4264,0
4265,1
4266,0
4267,0
4268,1
4269,0
4270,0
4271,0
4272,0
4273,0
4274,0
4275,1
4276,2
4277,0
4278,0
4279,0
4280,0
4281,5
4282,0
4283,6
4284,4
4285,5
4286,0
4287,0
4288,9
4289,10
4290,17
4291,0
4292,0
4293,10
4294,0
4295,2
4296,8
4297,0
4298,0
4299,0
4300,0
4301,0
4302,2
4303,1
4304,0
4305,0
4306,3
4307,2
4308,0
4309,0
4310,4
4311,0
4312,0
4313,2
4314,0
4315,5
4316,0
4317,0
4318,0
4319,9
4320,0
4321,0
4322,0
4323,15
4324,0
4325,0
4326,0
4327,0
4328,0
4329,0
4330,8
4331,2
4332,0
4333,6
4334,3
4335,7
4336,14
4337,0
4338,1
4339,1
4340,1
4341,33
4342,0
4343,24
4344,9
4345,0
4346,1
4347,10
4348,0
4349,20
4350,0
4351,0
4352,1
4353,1
4354,11
4355,2
4356,3
4357,0
4358,0
4359,2
4360,0
4361,0
4362,0
4363,29
4364,0
4365,1
4366,2
4367,2
4368,0
4369,0
4370,0
4371,0
4372,2
4373,0
4374,5
4375,1
4376,0
4377,9
4378,6
4379,0
4380,5
4381,3
4382,0
4383,0
4384,4
4385,2
4386,0
4387,0
4388,4
4389,1
4390,0
4391,9
4392,0
4393,2
4394,7
4395,0
4396,0
4397,2
4398,0
4399,3
4400,26
4401,0
4402,3
4403,0
4404,0
4405,0
4406,0
4407,0
4408,0
4409,2
4410,0
4411,0
4412,1
4413,0
4414,2
4415,10
4416,3
4417,7
4418,4
4419,0
4420,0
4421,0
4422,1
4423,0
4424,0
4425,2
4426,0
4427,0
4428,1
4429,0
4430,1
4431,1
4432,0
4433,1
4434,0
4435,0
4436,0
4437,0
4438,2
4439,6
4440,2
4441,0
4442,8
4443,0
4444,0
4445,0
4446,0
4447,7
4448,0
4449,0
4450,22
4451,0
4452,0
4453,2
4454,3
4455,0
4456,0
4457,0
4458,25
4459,0
4460,1
4461,5
4462,1
4463,1
4464,0
4465,1
4466,0
4467,0
4468,0
4469,3
4470,4
4471,13
4472,6
4473,0
4474,0
4475,2
4476,13
4477,1
4478,2
4479,5
4480,5
4481,34
4482,0
4483,0
4484,2
4485,0
4486,0
4487,0
4488,4
4489,0
4490,10
4491,2
4492,2
4493,2
4494,0
4495,0
4496,0
4497,4
4498,1
4499,0
4500,1
4501,0
4502,4
4503,5
4504,1
4505,0
4506,0
4507,0
4508,0
4509,5
4510,8
4511,0
4512,0
4513,1
4514,0
4515,1
4516,2
4517,9
4518,1
4519,0
4520,2
4521,0
4522,3
4523,0
4524,0
4525,0
4526,0
4527,0
4528,3
4529,0
4530,15
4531,5
4532,17
4533,0
4534,0
4535,0
4536,0
4537,4
4538,7
4539,0
4540,4
4541,0
4542,0
4543,0
4544,11
4545,1
4546,0
4547,28
4548,0
4549,1
4550,1
4551,0
4552,3
4553,11
4554,0
4555,0
4556,6
4557,0
4558,11
4559,0
4560,14
4561,0
4562,1
4563,0
4564,0
4565,1
4566,3
4567,0
4568,0
4569,0
4570,0
4571,6
4572,8
4573,1
4574,3
4575,0
4576,1
4577,6
4578,0
4579,0
4580,0
4581,0
4582,6
4583,0
4584,1
4585,4
4586,1
4587,3
4588,0
4589,2
4590,0
4591,0
4592,2
4593,0
4594,2
4595,0
4596,3
4597,0
4598,0
4599,0
4600,4
4601,5
4602,0
4603,0
4604,1
4605,1
4606,3
4607,0
4608,0
4609,1
4610,0
4611,0
4612,5
4613,0
4614,0
4615,0
4616,6
4617,0
4618,3
4619,1
4620,0
4621,2
4622,36
4623,0
4624,0
4625,0
4626,2
4627,1
4628,11
4629,2
4630,0
4631,0
4632,1
4633,0
4634,5
4635,0
4636,4
4637,0
4638,0
4639,0
4640,1
4641,3
4642,0
4643,0
4644,0
4645,0
4646,0
4647,0
4648,0
4649,0
4650,1
4651,2
4652,0
4653,1
4654,0
4655,32
4656,0
4657,2
4658,0
4659,4
4660,0
4661,1
4662,2
4663,2
4664,21
4665,1
4666,4
4667,2
4668,8
4669,0
4670,0
4671,1
4672,0
4673,1
4674,0
4675,0
4676,0
4677,0
4678,13
4679,0
4680,0
4681,0
4682,1
4683,8
4684,8
4685,0
4686,1
4687,0
4688,3
4689,0
4690,1
4691,1
4692,0
4693,0
4694,14
4695,0
4696,1
4697,0
4698,0
4699,0
4700,0
4701,0
4702,2
4703,0
4704,0
4705,3
4706,4
4707,0
4708,1
4709,0
4710,4
4711,1
4712,0
4713,1
4714,0
4715,0
4716,0
4717,15
4718,7
4719,1
4720,0
4721,0
4722,27
4723,0
4724,2
4725,4
4726,9
4727,3
4728,0
4729,0
4730,14
4731,16
4732,0
4733,2
4734,0
4735,0
4736,1
4737,0
4738,1
4739,1
4740,0
4741,1
4742,4
4743,1
4744,0
4745,0
4746,7
4747,0
4748,0
4749,1
4750,0
4751,0
4752,18
4753,0
4754,0
4755,0
4756,5
4757,14
4758,10
4759,0
4760,0
4761,0
4762,0
4763,0
4764,7
4765,0
4766,1
4767,0
4768,0
4769,0
4770,0
4771,0
4772,0
4773,20
4774,0
4775,0
4776,8
4777,0
4778,10
4779,4
4780,0
4781,0
4782,3
4783,0
4784,0
4785,0
4786,0
4787,1
4788,2
4789,2
4790,3
4791,0
4792,5
4793,4
4794,14
4795,0
4796,0
4797,3
4798,1
4799,8
4800,0
4801,14
4802,2
4803,1
4804,0
4805,8
4806,4
4807,0
4808,1
4809,12
4810,0
4811,0
4812,0
4813,0
4814,1
4815,0
4816,0
4817,0
4818,1
4819,25
4820,14
4821,0
4822,0
4823,0
4824,0
4825,8
4826,11
4827,6
4828,0
4829,0
4830,3
4831,7
4832,0
4833,0
4834,4
4835,0
4836,1
4837,0
4838,16
4839,0
4840,0
4841,3
4842,2
4843,8
4844,24
4845,0
4846,0
4847,0
4848,0
4849,12
4850,3
4851,0
4852,0
4853,0
4854,0
4855,9
4856,0
4857,0
4858,0
4859,0
4860,0
4861,3
4862,2
4863,5
4864,3
4865,0
4866,2
4867,0
4868,5
4869,1
4870,1
4871,7
4872,1
4873,0
4874,0
4875,0
4876,4
4877,0
4878,1
4879,3
4880,0
4881,8
4882,0
4883,0
4884,6
4885,0
4886,0
4887,0
4888,1
4889,0
4890,0
4891,3
4892,0
4893,10
4894,0
4895,1
4896,2
4897,3
4898,0
4899,11
4900,0
4901,1
4902,10
4903,1
4904,0
4905,7
4906,0
4907,22
4908,6
4909,3
4910,0
4911,2
4912,0
4913,5
4914,0
4915,0
4916,0
4917,0
4918,0
4919,0
4920,0
4921,0
4922,0
4923,1
4924,0
4925,1
4926,6
4927,0
4928,0
4929,3
4930,0
4931,0
4932,0
4933,0
4934,0
4935,1
4936,2
4937,18
4938,0
4939,0
4940,0
4941,0
4942,0
4943,0
4944,0
4945,0
4946,1
4947,0
4948,0
4949,1
4950,38
4951,0
4952,0
4953,19
4954,0
4955,0
4956,0
4957,0
4958,1
4959,6
4960,1
4961,0
4962,0
4963,0
4964,1
4965,0
4966,22
4967,0
4968,0
4969,1
4970,0
4971,0
4972,0
4973,20
4974,4
4975,10
4976,3
4977,16
4978,0
4979,0
4980,2
4981,0
4982,4
4983,0
4984,0
4985,2
4986,5
4987,0
4988,10
4989,0
4990,0
4991,5
4992,0
4993,1
4994,1
4995,6
4996,0
4997,0
4998,1
4999,3
5000,0
